<?xml version="1.0" encoding="UTF-8"?>

<!DOCTYPE hibernate-mapping PUBLIC 
"-//Hibernate/Hibernate Mapping DTD 3.0//EN" 
"http://hibernate.sourceforge.net/hibernate-mapping-3.0.dtd">


<hibernate-mapping>
	<class name="com.infinite.olympiad.DO.AdminSignUpDO" table="ADMIN">
		<id name="id" type="int" column="Id" >
			<generator class="increment" />
		</id>
		
		<property name="emp_Id" column="EMPLOYEE_ID" type="int" unique="true" />
		
		<property name="emp_Name" column="EMPLOYEE_NAME" type="string" />

		<property name="emp_Email" column="EMAIL" type="string" />
			
		<property name="mobile_No" column="MOBLENO" type="long" />
			
		<property name="password" column="PASSWORD" type="string" />
		
		<property name="registeredDate" column="REG_DATE" type="date" />
		
	</class>
</hibernate-mapping>