<?xml version="1.0" encoding="UTF-8"?>

<!DOCTYPE hibernate-mapping PUBLIC 
"-//Hibernate/Hibernate Mapping DTD 3.0//EN" 
"http://hibernate.sourceforge.net/hibernate-mapping-3.0.dtd">


<hibernate-mapping>
	<class name="com.infinite.olympiad.DO.CoreHrDO" table="CORE_HR">
		<id name="id" type="int" column="Id" >
			<generator class="increment" />
		</id>
		
		<property name="employeeId" column="EMPLOYEE_ID" type="int" unique="true"/>
		
		<property name="employee_Name" column="EMPLOYEE_NAME" type="string" />

		<property name="gender" column="GENDER" type="string"  />
			
		<property name="mobileNo" column="MOBILE_NO" type="long" />
			
		<property name="projectName" column="PROJECT" type="string"  />
		
		<property name="designation" column="DESIGNATION" type="string"  />
		
		<property name="location" column="LOC" type="string"  />
		
		<property name="email" column="EMAIL" type="string"  />
		
		<property name="repoManager" column="MANAGER" type="string"  />
		
		<property name="doj" column="DOJ" type="date" />
		
		<!-- <property name="doe" column="DOE" type="date"  /> -->
		
	</class>
</hibernate-mapping>