<?xml version="1.0" encoding="UTF-8"?>

<!DOCTYPE hibernate-mapping PUBLIC 
"-//Hibernate/Hibernate Mapping DTD 3.0//EN" 
"http://hibernate.sourceforge.net/hibernate-mapping-3.0.dtd">


<hibernate-mapping>
	<class name="com.infinite.olympiad.DO.EmployeeInformationDO" table="EMPLOYEE_INFO">
		<id name="id" type="int" column="ID" >
			<generator class="increment" />
		</id>
		
		<property name="empId" column="EMPLOYEE_ID" type="int" unique="true"/>
		
		<property name="empName" column="EMPLOYEE_NAME" type="string" />

		<property name="houseName" column="HOUSE_NAME" type="string"  />
		
		<property name="gender" column="GENDER" type="string"  />
			
		<property name="houseAllocatedDate" column="HOUSE_ALLOCATED_DATE" type="date"  />
		
		<property name="lastUpdatedDate" column="LAST_UPDATED_DATE" type="date"  />
		
	</class>
</hibernate-mapping>