<?xml version="1.0" encoding="UTF-8"?>

<!DOCTYPE hibernate-mapping PUBLIC 
"-//Hibernate/Hibernate Mapping DTD 3.0//EN" 
"http://hibernate.sourceforge.net/hibernate-mapping-3.0.dtd">


<hibernate-mapping>
	<class name="com.infinite.olympiad.DO.HrMain" table="MAIN_CORE_HR">
		<id name="id" type="int" column="ID" >
			<generator class="increment" />
		</id>
		
		<property name="empNo" column="EMPLOYEE_ID" type="int" unique="true" />
		
		<property name="empName" column="EMPLOYEE_NAME" type="string" />

		<property name="gender" column="GENDER" type="string"  />
			
		<property name="mobile" column="MOBILE" type="long" />
			
		<property name="organization" column="ORG" type="string"  />
		
		<property name="bU" column="BU" type="string"  />
		
		<property name="client" column="CLIENT" type="string"  />
		
		<property name="project" column="PROJECT" type="string"  />
		
		<property name="designation" column="DESIGNATION" type="string"  />
		
		<property name="grade" column="GRADE" type="string"  />
		
		<property name="location" column="LOC" type="string"  />
		
		<property name="email" column="EMAIL" type="string"  />
		
		<property name="status" column="STATUS" type="string"  />
		
		<property name="manager" column="MANAGER" type="string"  />
		
		<property name="doj" column="DOJ" type="date" />
		
		<property name="houseAllocated" column="HOUSE_ALLOCATED_STATUS" type="string"  />
		
	</class>
</hibernate-mapping>