<?xml version="1.0" encoding="UTF-8"?>

<!DOCTYPE hibernate-mapping PUBLIC 
"-//Hibernate/Hibernate Mapping DTD 3.0//EN" 
"http://hibernate.sourceforge.net/hibernate-mapping-3.0.dtd">


<hibernate-mapping>
	<class name="com.infinite.olympiad.DO.OlympiadHousesDO" table="HOUSES_OVERVIEW">
		<id name="houseId" type="int" column="HOUSE_ID" >
			<generator class="increment" />
		</id>
		
		<property name="houseName" column="HOUSE_NAME" type="string" />

		<property name="noOfMales" column="NO_OF_MALES" type="int" />
		
		<property name="noOfFemales" column="NO_OF_FEMALES" type="int"  />

		<property name="grandTotal" column="TOTAL" type="int"  />
		
		<property name="houseCreationDate" column="CREATION_DATE" type="date" />
		
		<property name="lastUpdatedDate" column="LAST_UPDATED_DATE" type="date" />
		
	</class>
</hibernate-mapping>