<?xml version="1.0" encoding="UTF-8"?>

<!DOCTYPE hibernate-mapping PUBLIC 
"-//Hibernate/Hibernate Mapping DTD 3.0//EN" 
"http://hibernate.sourceforge.net/hibernate-mapping-3.0.dtd">


<hibernate-mapping>
	<class name="com.infinite.olympiad.DO.TransactionDetailsDO" table="TRANSACTIONS">
		<id name="id" type="int" column="ID" >
			<generator class="increment" />
		</id>
		
		<property name="empId" column="EMPLOYEE_ID" type="int" unique="true"/>
		
		<property name="emp_Name" column="EMPLOYEE_NAME" type="string" />

		<property name="email" column="EMAIL" type="string" />
		
		<property name="gender" column="GENDER" type="string" />
		
		<property name="houseName" column="HOUSE_NAME" type="string" />
		
		<property name="designation" column="DESIGNATION" type="string" />
			
		<property name="mobileNo" column="MOBILE" type="long" />
			
		<property name="project" column="PROJECT" type="string" />
		
		<property name="location" column="LOC" type="string" />
		
		<property name="doj" column="DOJ" type="date" />
		
		<property name="doe" column="DOE" type="date" />
		
	</class>
</hibernate-mapping>