<?xml version="1.0" encoding="UTF-8"?>

<!DOCTYPE hibernate-configuration PUBLIC 
"-//Hibernate/Hibernate Configuration DTD 3.0//EN" 
"http://hibernate.sourceforge.net/hibernate-configuration-3.0.dtd">

<hibernate-configuration>
	<session-factory>
		<property name="hibernate.connection.driver_class">com.mysql.jdbc.Driver</property>
		<property name="hibernate.connection.url">jdbc:mysql://localhost:3306/olympiad_db1</property>
		<property name="hibernate.connection.username">root</property>
		<property name="hibernate.connection.password">mysql</property>
		<property name="hibernate.connection.pool_size">10</property>
		<property name="format_sql">true</property>
		<property name="use_sql_comments">true</property>
		<property name="show_sql">true</property>
		<property name="dialect">org.hibernate.dialect.MySQLDialect</property>
		<property name="hibernate.hbm2ddl.auto">update</property>
		
		<!-- Hibernate mapping starts here  -->
		<mapping resource="com/infinite/olympiad/hbm/employeeInfo.hbm.xml"/> 
		<mapping resource="com/infinite/olympiad/hbm/olympiadHouses.hbm.xml"/> 
		<mapping resource="com/infinite/olympiad/hbm/coreHr.hbm.xml"/> 
		<mapping resource="com/infinite/olympiad/hbm/AdminSignUp.hbm.xml"/> 
		<mapping resource="com/infinite/olympiad/hbm/transactionDetails.hbm.xml"/> 
		<mapping resource="com/infinite/olympiad/hbm/hrMain.hbm.xml"/> 
		
	</session-factory>
</hibernate-configuration>